id,name,type,region_label,country,city,priority,strategic_tier,status_legacy,local_priority,focus_areas,programs,website,phone,last_contacted,days_dormant,final_action,notes,contact_1_name,contact_1_role,contact_1_email,contact_2_name,contact_2_role,contact_2_email,contact_3_name,contact_3_role,contact_3_email
e0001,American College of Greece,university,Europe,"Athens, Greece",,Cold-storage,,No answer,,,Synergies,,,,,,,,,,,,,,,
e0002,VIVES University,university,Europe,Belgium,,Cold-storage,,No answer,,,"- Synergies
- Summer Schools",,,31 March 2025,,,,,,,,,,,,
e0003,American University in Bulgaria (eng),university,Europe,Bulgaria,,Cold-storage,,No answer,,,Synergies,,,,,,,,,,,,,,,
e0004,Eastern Mediterranean University,university,Europe,Cyprus,,Cold-storage,,No answer,,,"- Synergies
- Summer Schools",,,31 March 2025,,,,,,,,,,,,
e0005,Copenhagen Business School (eng),university,Europe,Denmark,,,,,,,,,,29 January 2025,,,,,International office general inquiries,rec.intoff@cbs.dk,,,,,,
e0006,Aarhus University School of Business and Social Sciences (eng),university,Europe,Denmark,,,,,,,,,,,,,,,,,,,,,,
e0007,Royal Danish Academy of Fine Arts (eng),university,Europe,Denmark,,,,,,,,,,,,,,,,,,,,,,
e0008,Hanken School of Economics (eng),university,Europe,Finland,,,,,,,,,,,,,,,International activities,international@hanken.fi,,,,,,
e0009,Aalto University (eng),university,Europe,Finland,,,,,,,,,,,,,,Kristiina Mäkelä,Provost,provost@aalto.fi,,,,,,
e0010,Tampere University (eng),university,Europe,Finland,,,,,,,,,,,,,,Ms. Johanna Hellman,Vice Presidentfor Stakeholder Relations and Partnerships' ASSISTANT,johanna.hellman@tuni.fi,,,,,,
e0011,University of Oulu (eng),university,Europe,Finland,,,,,,,,,,,,,,International affaires,International affaires,international.affairs@oulu.fi,,,,,,
e0012,LUT University (eng),university,Europe,Finland,,,,,,,,,,,,,,,,,,,,,,
e0013,Oulu University,university,Europe,Finland,,Not interested,,Not interested,,,"- Synergies
- Summer Schools",,,20 March 2025,,Not interested atm,,,,,,,,,,
e0014,University of Iceland (eng),university,Europe,Iceland,,,,,,,,,,,,,,,,,,,,,,
e0015,Reykjavik University (eng),university,Europe,Iceland,,,,,,,,,,,,,,Ms. Guðlaug Jakobsdóttir,Director of the International Office,gudlaugm@ru.is,,,,,,
e0016,Hult International Business School,university,Europe,"London, UK",,Cold-storage,,No answer,,,Synergies,,,,,,,,,,,,,,,
e0017,Franklin University Switzerland (eng),university,Europe,"Lugano, Switzerland",,Cold-storage,,No answer,,,Synergies,,,,,,,,(Swiss) Main Admissions Office,info@fus.edu,,,,,,
e0018,Saint Louis University Madrid Campus,university,Europe,"Madrid, Spain",,Cold-storage,,No answer,,,Synergies,,,,,,,,,admissions-madrid@slu.edu,,,,,,
e0019,Schiller International University,university,Europe,"Madrid, Spain + Paris France",,Cold-storage,,No answer,,,Synergies,,,,,,,,,admissions@schiller.edu,,,,,,
e0020,Les Roches Global Hospitality Education,university,Europe,"Marbella, Spain",,Cold-storage,,No answer,,,Synergies,,,,,,,,,,,,,,,
e0021,Glion Institute of Higher Education,university,Europe,"Montreux, Switzerland",,Cold-storage,,No answer,,,Synergies,,,,,,,,,,,,,,,
e0022,NHH - Norwegian School of Economics (eng),university,Europe,Norway,,,,,,,,,,,,,,Astrid Foldal,International Relations Head of Section,Astrid.Foldal@nhh.no,,,,,,
e0023,Nord University (eng),university,Europe,Norway,,,,,,,,,,,,,,,,,,,,,,
e0024,BI Norwegian Business School (eng),university,Europe,Norway,,,,,,,,,,,,,,,International Office,international.office@bi.no,,,,,,
e0025,Oslo National Academy of the Arts,university,Europe,Norway,,,,,,,,,,,,,,Ms. Heidi Marian Haraldsen,Acting Pro-Rector for Education,heidhara@khio.no,,,,,,
e0026,The American University of Paris (eng),university,Europe,"Paris, France",,Cold-storage,,No answer,,,Synergies,,,,,,,,,admissions@aup.edu,,,,,,
e0027,The Paris School of Business,university,Europe,"Paris, France",,Cold-storage,,No answer,,,Synergies,,,,,,,Mr. Simon CHARRIER,Head of International Relations,s.charrier@psbedu.paris,,,,,,
e0028,Universidade Nova de Lisboa (eng),university,Europe,Portugal,,Cold-storage,,No answer,,,Synergies,,,,,,,,International Relations Unit,internacional@ulisboa.pt,,,,,,
e0029,ISCTE Business School (eng),university,Europe,Portugal,,Cold-storage,,No answer,,,Synergies,,,,,,,,International Relations Office,iro@iscte-iul.pt,,,,,,
e0030,University of Minho (in English?),university,Europe,Portugal,,Cold-storage,,No answer,,,Synergies,,,,,,,,,,,,,,,
e0031,John Cabot University (eng),university,Europe,"Rome, Italy",,Cold-storage,,No answer,,,Synergies,,,,,,,,,,,,,,,
e0032,The American University of Rome (eng),university,Europe,"Rome, Italy",,Cold-storage,,No answer,,,Synergies,,,,,,,,,admissions@aur.edu,,,,,,
e0033,NTF University,university,Europe,Slovenia,,,,,,,,,,,,,,,,,,,,,,
e0034,IE University (eng),university,Europe,Spain,,Not interested,,Not interested,,,Synergies,,,,,,,,,,,,,,,
e0035,Universitat Pompeu Fabra (eng),university,Europe,Spain,,Cold-storage,,No answer,,,Synergies,,,,,,,,International Relations Service,uri@upf.edu,,,,,,
e0036,Esade Business School (eng),university,Europe,Spain,,Cold-storage,,No answer,,,Synergies,,,,,,,Ms. Alexandra Castells,Director of Corporate Partnerships,alexandra.castells@esade.edu,,,,,,
e0037,University of Navarra (eng),university,Europe,Spain,,Cold-storage,,No answer,,,Synergies,,,,,,,Ms. María del Carmen Bielza,Institutional Exchange and Erasmus Coordinator,mcbielza@unav.es,,,,,,
e0038,University of Deusto (eng),university,Europe,Spain,,Cold-storage,,No answer,,,Synergies,,,,,,,,International Relations (Bilbao Campus),relint@deusto.es,,,,,,
e0039,EADA Business School (eng),university,Europe,Spain,,Cold-storage,,No answer,,,Synergies,,,,,,,,Info,info@eada.edu,,,,,,
e0040,Stockholm School of Economics (eng),university,Europe,Sweden,,,,,,,,,,,,,,,,,,,,,,
e0041,Umeå University (eng),university,Europe,Sweden,,,,,,,,,,,,,,,,,,,,,,
e0042,The Swedish School of Textiles (eng),university,Europe,Sweden,,,,,,,,,,,,,,International Office,International Office,internationalstudent@hb.se,,,,,,
e0043,Università della Svizzera italiana (USI),university,Europe,Switzerland,,Cold-storage,,No answer,,,Synergies,,,29 January 2025,,,,,International Relations and Mobility Service,relint@usi.ch,,,,,,
e0044,University of St. Gallen (HSG),university,Europe,Switzerland,,Cold-storage,,No answer,,,Synergies,,,29 January 2025,,,,,Student Mobility Services,Exchange@unisg.ch,,,,,,
e0045,University of Fribourg,university,Europe,Switzerland,,Cold-storage,,No answer,,,Synergies,,,29 January 2025,,,,,Outgoing student,international-outgoing@unifr.ch,,,,,,
e0046,University of Lucerne,university,Europe,Switzerland,,Cold-storage,,No answer,,,Synergies,,,29 January 2025,,,,,International Relations Office,international@unilu.ch,,,,,,
e0047,Webster University,university,Europe,"Vienna, Austria",,Cold-storage,,No answer,,,Synergies,,,,,,,,,admissions@webster.ac.at,,,,,,
e0048,University of Manchester,university,Europe,UK,,Cold,,Auto-reply,,,Summer Programs 2026 outreach,,,2026-03-30,,Auto-reply received,,,,,,,,,,
e0049,Warwick Business School (WBS),university,Europe,UK,,Not interested,,Bounced,,,Summer Programs 2026 outreach,,,2026-03-30,,Wrong email — bounced; find new contact,,,,,,,,,,
e0050,EPOKA University,university,Balkans & E. Europe,Albania,Tirana,,Applied Leader,,,"Architecture, Eng, CS, Business, Economics, Law",,epoka.edu.al,+355 42 232 086,,,,,Prof. Ahmet ÖZTAŞ (),Rector,rector@epoka.edu.al,,Intl. Relations,bcinar@epoka.edu.al,,,
e0051,Polis University,university,Balkans & E. Europe,Albania,Tirana,,Applied Leader,,,"Architecture, Urban Design, CS, Business Innovation — Innovation Factory; joint MBA with IPAG Paris",,universitetipolis.edu.al,+355 42 407 420,,,,,Flora KRASNIQI,Head of Intl. Unit,,,,,,,
e0052,Intl. Univ. of Sarajevo (IUS),university,Balkans & E. Europe,Bosnia & Herz.,Sarajevo,,Applied Leader,,,"Eng, Business, Law, Pol. Science, CS — US/UK liberal-arts model",,ius.edu.ba,+387 33 957 100,,,,,Prof. Ali Osman KUŞAKCI,Rector,,,Intl. Relations,mobility@ius.edu.ba,,,
e0053,Sofia University,university,Balkans & E. Europe,Bulgaria,Sofia,,Prestige Hub,,,"Sciences, IT, Humanities, Law, Economics, Journalism",,uni-sofia.bg,+359 2 986 1597,,,,,,Intl. Relations,intern@admin.uni-sofia.bg,Irena ATANASOVA,Head of IRO,i.atanasova@admin.uni-sofia.bg,Tsvetan BOGDANOV,Erasmus Operative,tsvetan@admin.uni-sofia.bg
e0054,UNWE Sofia,university,Balkans & E. Europe,Bulgaria,Sofia,,Applied Leader,,,"Economics, Business, Finance, Informatics, Law",,unwe.bg,+359 2 8195 211,,,,,,Intl. Relations,erasmus@unwe.bg,,,,,,
e0055,New Bulgarian Univ. (NBU),university,Balkans & E. Europe,Bulgaria,Sofia,,Applied Leader,,,"IT, Business, Arts, Psychology, Design, Media",,nbu.bg,+359 2 8110 110,,,,,,Intl. Relations,erasmus@nbu.bg,Erasmus,,erasmus@nbu.bg,,,
e0056,Algebra Bernays University,university,Balkans & E. Europe,Croatia,Zagreb,,Digital Pioneer,,,"SW Eng, Cybersecurity, AI, Data Science, Digital Marketing, Game Design",,algebra.hr/sveuciliste/en,+385 1 5809 312,,,,,Lidija ŠIMRAK,Head of Intl. Office,lidija.simrak@algebra.hr,,Intl. Relations,international-office@algebra.hr,Petra CUCULIĆ MALENICA,Erasmus+,erasmus@algebra.hr
e0057,University of Zagreb,university,Balkans & E. Europe,Croatia,Zagreb,,Prestige Hub,,,"Sciences, Eng, Law, Medicine, Business, ICT, Arts",,unizg.hr,+385 1 4564 111,,,,,,Intl. Relations,iro@unizg.hr,for partnership proposals,IRO,iro@unizg.hr,,,
e0058,VERN' University,university,Balkans & E. Europe,Croatia,Zagreb,,Applied Leader,,,"Business, Media & Comms, ICT, Tourism, Applied Arts — entrepreneurial mission; VERN' Island School (Vis)",,vernuni.eu,+385 1 4825 000,,,,,,Intl. Relations,dean.duznovic@vern.hr,Dean DUŽNOVIĆ,Erasmus+ Coordinator,dean.duznovic@vern.hr,,,
e0059,CTU Prague,university,Balkans & E. Europe,Czech Rep.,Prague,,Digital Pioneer,,,"Eng, IT, Architecture, Robotics & Cybernetics",,cvut.cz,+420 224 353 436,,,,,,,international@cvut.cz,Ing. Jana RÜCKEROVÁ,Agreements,international@cvut.cz,Mgr. Helena HOUŠKOVÁ,Erasmus+ Coord.,
e0060,TalTech,university,Balkans & E. Europe,Estonia,Tallinn,,Digital Pioneer,,,"IT, Eng, Cybersecurity, e-Gov, Business — Mektory incubator on campus",,taltech.ee,+372 620 2022,,,,,,Intl. Relations,international@taltech.ee,Ann NEUDORF,Erasmus+,ann.neudorf@taltech.ee,,,
e0061,Corvinus University,university,Balkans & E. Europe,Hungary,Budapest,,Prestige Hub,,,"Intl. Management, Economics, Fintech, Social Sciences",,uni-corvinus.hu,+36 1 482 5000,,,,,Gábor SZALAI,Head of Intl. Office,gabor.szalai@uni-corvinus.hu,,Intl. Relations,international@uni-corvinus.hu,Zsófia VATTAY,Erasmus,erasmus@uni-corvinus.hu
e0062,UBT,university,Balkans & E. Europe,Kosovo,Prishtina,,Digital Pioneer,,,"Business, Tech, Eng, CS — Innovation Campus; UBT Accelerator; 5G Centre (Nokia)",,ubt-uni.net,+383 38 541 400,,,,,,Intl. Relations,internationaloffice@ubt-uni.net,IRO,,internationaloffice@ubt-uni.net,,,
e0063,Kaunas Univ. of Technology (KTU),university,Balkans & E. Europe,Lithuania,Kaunas,,Digital Pioneer,,,"Eng, IT, Design, Business — first Startup Space in Lithuania; largest sci-tech park in Baltics",,en.ktu.edu,+370 373 00 036,,,,,,,international@ktu.lt,Intl. Studies Office,,international@ktu.lt,,,
e0064,Univ. of Donja Gorica (UDG),university,Balkans & E. Europe,Montenegro,Podgorica,,Applied Leader,,,"IT, Business, Law, Arts, Design",,udg.edu.me,+382 20 410 777,,,,,,Intl. Relations,international@udg.edu.me,Ksenija ZEKOVIĆ,IRO,international@udg.edu.me,,,
e0065,University of Montenegro,university,Balkans & E. Europe,Montenegro,Podgorica,,Applied Leader,,,"Sciences, Eng, Law, Economics, Tourism",,ucg.ac.me,+382 20 414 255,,,,,Prof. Vladimir BOŽOVIĆ,Rector,,,,,,,
e0066,Intl. Balkan University (IBU),university,Balkans & E. Europe,N. Macedonia,Skopje,,Applied Leader,,,"Eng, Architecture, Economics, Fine Arts, Communication",,ibu.edu.mk,+389 2 3214 831,,,,,,Intl. Relations,iro@ibu.edu.mk,,,,,,
e0067,Univ. of Warsaw — Fac. of Mgmt,university,Balkans & E. Europe,Poland,Warsaw,,Prestige Hub,,,"Intl. Business (English), Entrepreneurship Center, Management",,wz.uw.edu.pl,+48 22 553 4000,,,,,Dr. hab. Katarzyna DZIEWANOWSKA,Vice-Dean Intl. Affairs,outgoing@wz.uw.edu.pl,,Intl. Relations,outgoing@wz.uw.edu.pl,,,
e0068,Babeș-Bolyai (UBB),university,Balkans & E. Europe,Romania,Cluj-Napoca,,Prestige Hub,,,"Business, IT, Eng, Intl. Relations, Political Science",,ubbcluj.ro,+40 264 405 300,,,,,,Intl. Relations,cci@ubbcluj.ro,,,,,,
e0069,University of Bucharest,university,Balkans & E. Europe,Romania,Bucharest,,Applied Leader,,,"Sciences, Law, Humanities, Business, IT",,unibuc.ro,+40 21 307 7300,,,,,,Intl. Relations,international@unibuc.ro,,,,,,
e0070,Singidunum University,university,Balkans & E. Europe,Serbia,Belgrade,,Digital Pioneer,,,"Informatics, Computing, Applied AI, Business, Tourism, Media — Oracle & Red Hat certified training partner",,singidunum.ac.rs,+381 11 3094 041,,,,,,,internationaloffice@singidunum.ac.rs,Intl. Office,,internationaloffice@singidunum.ac.rs,,,
e0071,University of Belgrade,university,Balkans & E. Europe,Serbia,Belgrade,,Prestige Hub,,,"Eng, Medicine, Law, Sciences, IT, Economics",,bg.ac.rs,+381 11 3207 400,,,,,,Intl. Relations,branka.janda.markovic@rect.bg.ac.rs,Branka JANDA-MARKOVIĆ (+381 11 3207 445),Head of IRO,,,,
e0072,University of Novi Sad,university,Balkans & E. Europe,Serbia,Novi Sad,,Applied Leader,,,"Sciences, Eng, Agriculture, Medicine, IT",,uns.ac.rs,+381 21 485 2000,,,,,,,international@uns.ac.rs,Intl. Relations,,international@uns.ac.rs,,,
e0073,University of Ljubljana,university,Balkans & E. Europe,Slovenia,Ljubljana,,Prestige Hub,,,"Sciences, Eng, Business (triple-crown SEB), Arts, CS",,uni-lj.si,+386 1 2418 500,,,,,Bibi OVASKA,Head of Intl. Office,bibi.ovaska@uni-lj.si,,Intl. Relations,intern.office@uni-lj.si,,,
e0074,GEA College,university,Balkans & E. Europe,Slovenia,Ljubljana,,Applied Leader,,,"Entrepreneurship, Business, Innovation, Finance",,gea-college.si,+386 1 4230 066,,,,,,,,,,,,,
e0075,Univ. of Nova Gorica,university,Balkans & E. Europe,Slovenia,Nova Gorica,,Applied Leader,,,"Env. Sciences, Arts, Eng, Physics",,ung.si,+386 5 6205 820,,,,,,,,,,,,,
e0076,NYUAD,university,GCC,Arab Emirates,,Hot,,Hot,,,Summer School,,,30 September 2025,,Proposta fuori,,,,,,,,,,
e0077,Zayed University,university,GCC,Arab Emirates,,Warm,,Medium,,,Seasonal School,,,20 September 2025,,Attesa strada da seguire per AY 2025/26,,,,,,,,,,
e0078,University of Business and Technology (UBT),university,GCC,Saudi Arabia,,Cold,,Cold,,,"- Summer Schools
- Student and Faculty Exchange
- Tailor-made courses (Start Online and Finish on Campus)
- 'J Term like'",,,12 May 2025,,,,,,,,,,,,
e0079,Bisha University,university,GCC,Saudi Arabia,,Cold-storage,,No answer,,,"- Summer Schools
- Student and Faculty Exchange
- Tailor-made courses (Start Online and Finish on Campus)
- 'J Term like'",,,12 May 2025,,,,,,,,,,,,
e0080,Princess Nourah bint Abdulrahman University,university,GCC,Saudi Arabia,,Cold-storage,,No answer,,,"- Summer Schools
- Student and Faculty Exchange
- Tailor-made courses (Start Online and Finish on Campus)
- 'J Term like'",,,12 May 2025,,,,,Beneficiary Services,dgs-aa@pnu.edu.sa,,,,,,
e0081,Arab Open University,university,GCC,Saudi Arabia,,Cold-storage,,No answer,,,Synergies,,,7 April 2025,,,,Bagadeem,Vice President,bagadeem@arabou.edu.sa,,,,,,
e0082,University of Dubai,university,GCC,Arab Emirates,,Not interested,,Not interested,,,Summer School,,,2026-03-30,,,,,,,,,,,,
e0083,Abu Dhabi University (ADU),university,GCC,Arab Emirates,,Not interested,,Bounced,,,Summer Programs 2026 outreach,,,2026-03-30,,Wrong email — bounced; find new contact,,,Study Abroad office,studyabroad@adu.ac.ae,,,,,,
e0084,Sorbonne University Abu Dhabi (SUAD),university,GCC,Arab Emirates,,Cold,,Mail sent,,,Summer Programs 2026 outreach,,,2026-03-30,,,,,,,,,,,,
e0085,BITS Pilani Dubai Campus,university,GCC,Arab Emirates,,Cold,,Mail sent,,,Summer Programs 2026 outreach,,,2026-03-30,,,,,International Office,,,,,,,
e0086,Curtin University Dubai,university,GCC,Arab Emirates,,Not interested,,Bounced,,,Summer Programs 2026 outreach,,,2026-03-30,,Wrong email — bounced; find new contact,,,,,,,,,,
e0087,Amity University Dubai,university,GCC,Arab Emirates,,Cold,,Mail sent,,,Summer Programs 2026 outreach,,,2026-03-30,,,,,,,,,,,,
e0088,University of Birmingham Dubai,university,GCC,Arab Emirates,,Warm,,Replied,,,Summer Programs 2026 outreach,,,2026-03-30,,Got response (ticket 6070963); follow up,,,,,,,,,,
e0089,British University in Dubai (BUiD),university,GCC,Arab Emirates,,Cold,,Mail sent,,,Summer Programs 2026 outreach,,,2026-03-30,,,,,,,,,,,,
e0090,HBMSU (Hamdan Bin Mohammed Smart Univ.),university,GCC,Arab Emirates,,Not interested,,Bounced,,,Summer Programs 2026 outreach,,,2026-03-30,,Wrong email — bounced; find new contact,,,,,,,,,,
e0091,American University in Dubai (AUD),university,American Us — Middle East,Dubai,,,,,,"Business, Engineering, Architecture, Communication",,www.aud.edu,+971 4 399 9000,,,,,,Intl. Relations,studyabroad@aud.edu,,,,,,
e0092,Rochester Institute of Technology Dubai (RIT Dubai),university,American Us — Middle East,Dubai,,,,,,"Engineering, Computing, Business, Design",,www.rit.edu/dubai,+971 4 371 2000,,,,,,Intl. Relations,global@rit.edu,,,,,,
e0093,Hult International Business School Dubai,university,American Us — Middle East,Dubai,,,,,,"MBA, International Business",,www.hult.edu/dubai,+971 4 457 0200,,,,,,Intl. Relations,info.mea@hult.edu,,,,,,
e0094,American University of Beirut (AUB),university,American Us — Middle East,Lebanon,,,,,,"Medicine, Engineering, Business, Humanities",,www.aub.edu.lb,+961 1 374374,,,,,,Intl. Relations,oip@aub.edu.lb,,,,,,
e0095,Lebanese American University (LAU),university,American Us — Middle East,Lebanon,,,,,,"Pharmacy, Medicine, Engineering, Business",,www.lau.edu.lb,+961 1 786456,,,,,,Intl. Relations,international.services@lau.edu.lb,,,,,,
e0096,Carnegie Mellon University in Qatar (CMU-Q),university,American Us — Middle East,Qatar,,,,,,"Computer Science, Business, Biology, Information Systems",,www.qatar.cmu.edu,+974 4454 8500,,,,,,,,,,,,,
e0097,Georgetown University in Qatar (GU-Q),university,American Us — Middle East,Qatar,,,,,,"International Relations, Diplomacy, Political Science",,www.qatar.georgetown.edu,+974 4457 8100,,,,,,Intl. Relations,epeq@georgetown.edu,,,,,,
e0098,Texas A&M University at Qatar (TAMUQ),university,American Us — Middle East,Qatar,,,,,,"Chemical, Electrical, Petroleum, Mechanical Engineering",,www.qatar.tamu.edu,+974 4423 0000,,,,,,Intl. Relations,tamuq@qatar.tamu.edu,,,,,,
e0099,Northwestern University in Qatar (NU-Q),university,American Us — Middle East,Qatar,,,,,,"Journalism, Media, Communication, Game Design",,www.qatar.northwestern.edu,+974 4454 5300,,,,,,Intl. Relations,nuq@northwestern.edu,,,,,,
e0100,Weill Cornell Medicine-Qatar (WCM-Q),university,American Us — Middle East,Qatar,,,,,,Medicine (M.D.),,www.qatar-med.cornell.edu,+974 4492 8484,,,,,,General Info,wcmq@qatar-med.cornell.edu,,,,,,
e0101,VCUarts Qatar (Virginia Commonwealth University),university,American Us — Middle East,Qatar,,,,,,"Graphic Design, Interior Design, Painting, Kinetic Imaging, Art History, MFA Design",,www.qatar.vcu.edu,+974 4402 0777,,,,,,Intl. Relations,vcuqpartners@vcu.edu,,,,,,
e0102,Arkansas State University Qatar (A-State Qatar),university,American Us — Middle East,Qatar,,,,,,"Computer Science, Digital Technology & Design, Engineering Management, Education, Psychology",,www.astateqatar.com,+974 7771 5438,,,,,,,,,,,,,
e0103,New York University Abu Dhabi (NYUAD),university,American Us — Middle East,UAE – Abu Dhabi,,,,,,"Liberal Arts, Engineering, Research",,www.nyuad.nyu.edu,+971 2 628 5511,,,,,,Intl. Relations,nyuad.externalrelations@nyu.edu,,,,,,
e0104,American University of Sharjah (AUS),university,American Us — Middle East,UAE – Sharjah,,,,,,"Engineering, Business, Architecture, Sciences",,www.aus.edu,+971 6 515 5555,,,,,,Intl. Relations,ixo@aus.edu,,,,,,
e0105,American University of Madaba (AUM),university,American Us — Middle East,Jordan,,,,,,"Engineering, Health Sciences, Business, IT, Architecture",,www.aum.edu.jo,+962 5 329 4444,,,,,,Intl. Relations,ir@aum.edu.jo,,,,,,
e0106,The American University in Cairo (AUC),university,American Us — Middle East,Egypt,,,,,,"Liberal Arts, Business, Engineering, Sciences, Arabic Studies",,www.aucegypt.edu,+20 2 2615 1000,,,,,,Intl. Relations,ipso@aucegypt.edu,,,,,,
e0107,American University of the Middle East (AUM-Kuwait),university,American Us — Middle East,Kuwait,,,,,,"Engineering, Business Administration, MBA, Liberal Arts",,www.aum.edu.kw,+965 2225 1400,,,,,,Intl. Relations,info@aum.edu.kw,,,,,,
e0108,Royal University for Women (RUW),university,American Us — Middle East,Bahrain,,,,,,"Business, Law, Art & Design, Architecture, MFA, MBA",,www.ruw.edu.bh,+973 1776 4444,,,,,,Intl. Relations,info@ruw.edu.bh,,,,,,
e0109,"American University of Iraq, Sulaimani (AUIS)",university,American Us — Middle East,Iraq – Sulaimani,,,,,,"Business, Engineering, IT, International Studies, Journalism, MBA",,www.auis.edu.krd,+964 770 461 5555,,,,,,Intl. Relations,info@auis.edu.krd,,,,,,
e0110,American University of Kurdistan (AUK),university,American Us — Middle East,Iraq – Duhok,,,,,,"Engineering, Business, Arts & Sciences, Nursing",,www.auk.edu.krd,+964 751 741 4101,,,,,,Intl. Relations,info@auk.edu.krd,,,,,,
e0111,Sichuan University,university,Asia,China,,,,,,,,,,,,,,,,,,,,,,
e0112,Phuket Rajabhat University,university,Asia,Thailand,,,,,,,,,,,,,,,,,,,,,,
e0113,Chula University,university,Asia,Thailand,,,,,,,,,,,,,,,,,,,,,,
e0114,Dongguk University,university,Asia,South Korea,,Cold-storage,,No answer,,,Summer Schools 2025,,,5 February 2025,,,,,,,,,,,,
e0115,Yangzhou University,university,Asia,China,,Cold,,Mail sent,,,Summer Programs 2026 outreach,,,2026-03-30,,,,,,,,,,,,
e0116,TCZJ,university,Asia,China,,Cold,,Mail sent,,,Summer Programs 2026 outreach,,,2026-03-30,,,,,,,,,,,,
e0117,Communication University of China,university,Asia,China,,Cold,,Auto-reply,,,Summer Programs 2026 outreach,,,2026-03-30,,Auto-reply received from 国际学院 (Int'l School),,,,,,,,,,
e0118,Ewha Womans University,university,Asia,South Korea,,Cold,,Mail sent,,,Summer Programs 2026 outreach,,,2026-03-30,,,,,,,,,,,,
e0119,Koreatech University,university,Asia,South Korea,,Cold,,Mail sent,,,Summer Programs 2026 outreach,,,2026-03-30,,,,,,,,,,,,
e0120,Catholic University of Korea,university,Asia,South Korea,,Cold,,Mail sent,,,Summer Programs 2026 outreach,,,2026-03-30,,,,,,,,,,,,
e0121,Yonsei University,university,Asia,South Korea,,Cold,,Mail sent,,,Summer Programs 2026 outreach,,,2026-03-30,,,,,,,,,,,,
e0122,Hanyang University,university,Asia,South Korea,,Not interested,,Bounced,,,Summer Programs 2026 outreach,,,2026-03-30,,Wrong email — bounced; find new contact,,,,,,,,,,
e0123,SUSTech (Southern U of Science & Technology),university,Asia,China,,Cold,,Mail sent,,,Summer Programs 2026 outreach,,,2026-03-30,,,,,,,,,,,,
e0124,Renmin University of China (RUC),university,Asia,China,,Cold,,Mail sent,,,Summer Programs 2026 outreach,,,2026-03-30,,,,,,,,,,,,
e0125,Shanghai U of Finance & Economics (SUFE),university,Asia,China,,Cold,,Mail sent,,,Summer Programs 2026 outreach,,,2026-03-30,,,,,,,,,,,,
e0126,Lynn University,university,North America,USA (Florida),,Up & Running,,Up and Running,,,RT Good,,,30 September 2025,,,,,,,,,,,,
e0127,Georgetown,university,North America,USA (Massach),,Cold,,Stand By,,,Valeria Bellagamba,,,29 August 2025,,,,,,,,,,,,
e0128,Maryland Uni,university,North America,USA,,,,,,,Deni,,,,,,,,,,,,,,,
e0129,FIT,university,North America,USA (New York),,Warm,,Warm,,,Sumemr School,,,15 September 2025,,,,,,,,,,,,
e0130,Bishop's University,university,North America,Canada,,Cold-storage,,No answer,,,"- Synergies
- Summer Schools",,,31 March 2025,,,,Chantal Estevez,Admission Office,cestevez@ubishops.ca,,,,,,
e0131,Saint Mary's University,university,North America,Canada,,Cold-storage,,No answer,,,"- Synergies
- Summer Schools",,,31 March 2025,,,,Candace Simms,Admission Office,candace.simms@smu.ca,,,,,,
e0132,Williams College,university,North America,USA (Massachusetts),,Not interested,,Bounced,,,Summer Programs 2026 outreach,,,2026-03-30,,Wrong email — bounced; find new contact,,,,,,,,,,
e0133,Colby College,university,North America,USA (Maine),,Cold,,Mail sent,,,Summer Programs 2026 outreach,,,2026-03-30,,,,,,,,,,,,
e0134,Claremont McKenna College,university,North America,USA (California),,Cold,,Mail sent,,,Summer Programs 2026 outreach,,,2026-03-30,,,,,,,,,,,,
e0135,Universidad San Ignacio de Loyola (USIL),university,Latin America,Peru,,Not interested,,Bounced,,,Summer Programs 2026 outreach,,,2026-03-30,,Wrong email — bounced; find new contact,,,,,,,,,,
e0136,Universidad del Pacifico,university,Latin America,Peru,,Cold,,Auto-reply,,,Summer Programs 2026 outreach,,,2026-03-30,,Out of office auto-reply,,,,,,,,,,
e0137,UNISINOS,university,Latin America,Brazil,,Warm,,Replied,,,Summer Programs 2026 outreach,,,2026-03-30,,"Portuguese reply: 'Olá, tudo bem? Percebemos que você ai...'",,,,,,,,,,
e0138,Tecnológico de Monterrey,university,Latin America,Mexico,,Not interested,,Bounced,,,Summer Programs 2026 outreach,,,2026-03-30,,Wrong email — bounced; find new contact,,,,,,,,,,
e0139,Monash University,university,Oceania,Australia,,Warm,,Medium,,Busienss and Marketing,Summer Schools,,,Sept 2025,,Aspettare che ritornino ma su AY 26/27,,,,,,,,,,
e0140,University of Central Asia,university,Central Asia,"Tajikistan
Kazakhstan
Kyrgyzstan",,Not interested,,Not interested,,,"Synergies
Summer Schools",,,29 January 2025,,,,,,,,,,,,
e0141,American University of Central Asia (AUCA),university,Central Asia,Kyrgyzstan,,Cold-storage,,No answer,,,Synergies,,,29 January 2025,,,,,International students office,international@auca.kg,,,,,,
e0142,KIMEP University,university,Central Asia,Kazakhstan,,Not interested,,Not interested,,,Synergies,,,29 January 2025,,,,Mrs. Nailya Demirdogen,Director of International Office,international@kimep.kz,,,,,,
e0143,Westminster International University in Tashkent (WIUT),university,Central Asia,Uzbekistan,,Cold-storage,,No answer,,,Synergies,,,29 January 2025,,,,,Enquiry office,info@wiut.uz,,,,,,
e0144,International University of Central Asia (IUCA),university,Central Asia,Kyrgyzstan,,Cold-storage,,No answer,,,Synergies,,,29 January 2025,,,,,,,,,,,,
e0145,Kazakh-American Free University (KAFU),university,Central Asia,Kazakhstan,,Cold-storage,,No answer,,,Synergies,,,29 January 2025,,,,,,,,,,,,
e0146,American University of Afghanistan (AUAF),university,Central Asia,Afghanistan,,Cold-storage,,No answer,,,Synergies,,,29 January 2025,,,,,,,,,,,,
e0147,Nazarbayev University,university,Central Asia,Kazakhstan,,Cold-storage,,No answer,,,Synergies,,,29 January 2025,,,,,International Office,international@nu.edu.kz,,,,,,
e0148,International Ataturk-Alatoo University,university,Central Asia,Kyrgyzstan,,Cold-storage,,No answer,,,Synergies,,,29 January 2025,,,,,International Programs Coordinators,intoffice@alatoo.edu.kg,,,,,,
e0149,Università di Foggia,university,Italy,Italy,,,,,,,,,,,,,,,,,,,,,,
e0150,AEGEE-Europa (International HQ),org,IT — Student Orgs,Italy,Brussels (HQ),Cold,,,,All programs – especially Summer University format,,aegee.org,–,,,,AEGEE Summer University model aligns perfectly with H-FARM programs,,,,,,,,,
e0151,AEGEE-Venezia,org,IT — Student Orgs,Italy,Venice,Hot,,,⭐⭐,All programs – closest AEGEE to H-FARM campus,,–,–,,,,Geographical advantage; Venice-based international student network,,,,,,,,,
e0152,AEGEE-Bergamo,org,IT — Student Orgs,Italy,Bergamo (Lombardy),Cold,,,,"Startup, Entrepreneurship, Tech programs",,aegeebergamo.eu,+39 366 4389751,,,,Active; close to Milan; international network,,,,,,,,,
e0153,AEGEE-Brescia,org,IT — Student Orgs,Italy,Brescia (Lombardy),Cold,,,,"Startup, IoT, Cybersecurity programs",,aegee-brescia.it,+39 366 4389751,,,,University partnership; active section,,,,,,,,,
e0154,AEGEE-Bologna,org,IT — Student Orgs,Italy,Bologna,Cold,,,,"Entrepreneurship, AI, Finance programs",,–,–,,,,Major university city; active AEGEE section,,,,,,,,,
e0155,AEGEE-Bari,org,IT — Student Orgs,Italy,Bari (Puglia),Cold,,,,All programs,,aegee-bari.org,–,,,,Southern Italy; young and active,,,,,,,,,
e0156,AEGEE-Firenze,org,IT — Student Orgs,Italy,Florence,Cold,,,,"Fashion Lab, Brand Building, AI programs",,aegeefirenze.it,–,,,,Fashion and arts city,,,,,,,,,
e0157,AEGEE-Roma,org,IT — Student Orgs,Italy,Rome,Cold,,,,All programs,,aegeeroma.it,–,,,,Rome – large and very active section,,,,,,,,,
e0158,AEGEE-Torino,org,IT — Student Orgs,Italy,Turin,Cold,,,,"Tech, Startup, IoT programs",,aegeetorino.org,–,,,,Connected to Politecnico Torino,,,,,,,,,
e0159,AEGEE-Treviso,org,IT — Student Orgs,Italy,Treviso (Veneto),Critical,,,⭐⭐⭐,All programs – closest AEGEE to H-FARM,,aegee-treviso.eu,–,,,,H-FARM campus is near Treviso; most strategically important AEGEE section,,,,,,,,,
e0160,AEGEE-Trieste,org,IT — Student Orgs,Italy,Trieste,Cold,,,,"Tech, AI, Startup programs",,units.it/aegee,–,,,,Research-oriented university connection,,,,,,,,,
e0161,AEGEE-Udine,org,IT — Student Orgs,Italy,Udine,Cold,,,,All programs,,aegee-udine.org,–,,,,Close to Veneto; active section,,,,,,,,,
e0162,MİLANO,org,IT — Student Orgs,Italy,,Cold,,,,,,,,,,,,,,,,,,,,
e0163,AEGEE-Pisa,org,IT — Student Orgs,Italy,Pisa (Tuscany),Cold,,,,"Tech, AI, Startup, IoT programs",,aegeepisa.it,–,,,,Linked to Scuola Normale Superiore; strong academic network,,,,,,,,,
e0164,AIESEC Italy (National),org,IT — Student Orgs,Italy,Milan (HQ),Critical,,,⭐⭐⭐,All programs – especially 18–25 leadership & internship focused,,aiesec.it,+39 026 74 81070,,,,Global leadership organization; 27 local offices; SDG projects,,,,,,,,,
e0165,AIESEC Milano,org,IT — Student Orgs,Italy,Milan,Cold,,,,"Startup, Brand Building, AI, Fashion programs",,aiesec.it,–,,,,Largest local office; strong business connections,,,,,,,,,
e0166,AIESEC Bologna,org,IT — Student Orgs,Italy,Bologna,Up & Running,,,⭐⭐⭐,"Entrepreneurship, AI, Finance programs",,aiesec.it,–,,,,Active office; international internship programs,,,,,,,,,
e0167,AIESEC Roma,org,IT — Student Orgs,Italy,Rome,Cold,,,,All programs,,aiesec.it,–,,,,Large office; numerous international students,,,,,,,,,
e0168,AIESEC Napoli,org,IT — Student Orgs,Italy,Naples,Cold,,,,All programs,,aiesec.it,–,,,,Southern Italy hub,,,,,,,,,
e0169,ELSA Italy (National),org,IT — Student Orgs,Italy,Rome / National,Warm,,,⭐,"Finance, Brand Building programs",,elsa-italy.org,–,,,,Law students with interest in business law & commercial topics,,,,,,,,,
e0170,ELSA Milano,org,IT — Student Orgs,Italy,Milan,Cold,,,,"Finance, Brand Building programs",,elsa-italy.org,–,,,,Large law faculty; commercial law focus,,,,,,,,,
e0171,BEST Torino,org,IT — Student Orgs,Italy,Turin,Hot,,,⭐⭐,"IoT & AI, Cybersecurity, Startup programs",,best.eu.org,–,,,,Politecnico Torino; engineering focused; very active,,,,,,,,,
e0172,BEST Milano (Politecnico),org,IT — Student Orgs,Italy,Milan,Cold,,,,"IoT & AI, Cybersecurity, Tech programs",,best.eu.org,–,,,,Polimi connection; software & hardware focused,,,,,,,,,
e0173,BEST Bologna,org,IT — Student Orgs,Italy,Bologna,Cold,,,,"Tech, AI, IoT programs",,best.eu.org,–,,,,Strong engineering faculty,,,,,,,,,
e0174,JEF Italy / GFE (National),org,IT — Student Orgs,Italy,Rome,Warm,,,⭐,"Startup, Brand, AI programs – European dimension",,gfe.it,–,,,,Age 16–30; European integration advocates; active in 150+ cities,,,,,,,,,
e0175,Intercultura (National HQ),org,IT — Student Orgs,Italy,Colle Val d'Elsa / Rome,Critical,,,⭐⭐⭐,"Out of the Box, Startup programs – high school students (15–18)",,intercultura.it,+39 0577 90.00.01,,,,159 local centres; 1500+ students on exchange programs yearly; very strong high school network,,,,,,,,,
e0176,Intercultura Milano Office,org,IT — Student Orgs,Italy,Milan,Cold,,,,All programs for 16–18 age group,,intercultura.it,+39 02 48.51.35.86,,,,Media & communications office; suitable for promotional partnership,,,,,,,,,
e0177,AFSAI (National),org,IT — Student Orgs,Italy,Rome,Warm,,,⭐,Programs for 16–18 age group,,afsai.it,–,,,,Active since 1958; Council of Europe supported; youth mobility programs,,,,,,,,,
e0178,JEBO – Junior Enterprise Bologna,org,IT — Student Orgs,Italy,Bologna,Hot,,,⭐⭐,"Startup, Brand, AI, Finance programs",,jebo.it,–,,,,University-based consulting firm model; high entrepreneurial spirit,,,,,,,,,
e0179,JEst – Junior Enterprise Trieste,org,IT — Student Orgs,Italy,Trieste,Cold,,,,"Startup, Tech programs",,jest.it,–,,,,Technology & business development focused,,,,,,,,,
e0180,JE Parma,org,IT — Student Orgs,Italy,Parma,Cold,,,,"Startup, Brand Building programs",,jeparma.it,–,,,,Active; bridge between university and business world,,,,,,,,,
e0181,Unione degli Studenti (UDS),org,IT — Student Orgs,Italy,National (Rome-based),Cold,,,,Out of the Box – orientation program (age 16–18),,https://www.unionedeglistudenti.org/,–,,,,High school student representatives; ideal target for Out of the Box,,,,,,,,,
e0182,Rotaract District 2060 (Veneto),org,IT — Student Orgs,Italy,Veneto Region,Warm,,,⭐,"Startup, Finance, Brand Building, Entrepreneurship",,rotaract.it,–,,,,Age 18–30; professional development; entrepreneurship events; H-FARM region,,,,,,,,,
e0183,Rotaract Milano Brera,org,IT — Student Orgs,Italy,Milan,Cold,,,,All programs – especially commerce & innovation,,rotaract.it,–,,,,Milan centre; business & leadership focused,,,,,,,,,
e0184,Consiglio Nazionale Giovani (CNG),org,IT — Student Orgs,Italy,Rome (National),Hot,,,⭐⭐,All programs – umbrella institution,,consiglionazionalegiovani.it,–,,,,Umbrella body covering all Italian youth organizations; reach many orgs with a single contact,,,,,,,,,
e0185,International School of Venice,org,IT — Student Orgs,Italy,Venice (Veneto),Cold,,,,All programs – especially 16–18 orientation,,isvenice.org,–,,,,Close to H-FARM; international high school students,,,,,,,,,
e0186,NAIS – Network of International Schools,org,IT — Student Orgs,Italy,International / Italy,Cold,,,,All programs – international student source,,nais.org,–,,,,Global network of international schools; access to feeder institutions worldwide,,,,,,,,,
e0187,LeadTheFuture Italy,org,IT — Student Orgs,Italy,National (online network),Warm,,,⭐,"Startup, AI, Tech, IoT programs",,leadthefuture.tech,–,,,,Connects STEM students with mentors; high alignment with H-FARM programs,,,,,,,,,
e0188,YES Italy / Young Enterprise,org,IT — Student Orgs,Italy,National,Warm,,,⭐,"Startup, Entrepreneurship, Brand Building programs",,yes-italia.org,–,,,,High school & university entrepreneurship education; Junior Achievement network,,,,,,,,,
e0189,Confindustria Giovani,org,IT — Student Orgs,Italy,Rome / National,Cold,,,,"Startup, Finance, AI programs – corporate bridge",,confindustria.it,–,,,,Young member arm of the Italian Industry Federation; strong business connections,,,,,,,,,
e0190,ESN Italia (National),org,IT — Student Orgs,Italy,,Critical,,,⭐⭐⭐,,,,,,,,,,ESN – Erasmus Student Network,info@esn.it,,,,,,
e0191,ESN Venezia,org,IT — Student Orgs,Italy,,Critical,,,⭐⭐⭐,,,,,,,,,,ESN – Erasmus Student Network,venezia@esn.it,,,,,,
e0192,ESN Padova,org,IT — Student Orgs,Italy,,Critical,,,⭐⭐⭐,,,,,,,,,,ESN – Erasmus Student Network,esn@padova.esn.it,,,,,,
e0193,ESN Milano Bocconi,org,IT — Student Orgs,Italy,,Hot,,,⭐⭐,,,,,,,,,,ESN – Erasmus Student Network,–,,,,,,
e0194,ESN Politecnico Milano,org,IT — Student Orgs,Italy,,Hot,,,⭐⭐,,,,,,,,,,ESN – Erasmus Student Network,–,,,,,,
e0195,ESN Firenze,org,IT — Student Orgs,Italy,,Hot,,,⭐⭐,,,,,,,,,,ESN – Erasmus Student Network,info@firenze.esn.it,,,,,,
e0196,Istanbul Bilgi University,university,Türkiye — Universities,Turkey,,Cold-storage,,No answer,,,Synergies,,,29 January 2025,,,,,Bilateral Programs Outgoing Students,bilateral@bilgi.edu.tr,,,,,,
e0197,Istanbul Aydın University,university,Türkiye — Universities,Turkey,,Not interested,,Not interested,,,Synergies,,,29 January 2025,,,,Director Dr. Zafer ASLAN,International Relations Directorate,zaferaslan@aydin.edu.tr,,,,,,
e0198,Yeditepe University,university,Türkiye — Universities,Turkey,,Cold-storage,,No answer,,,Synergies,,,29 January 2025,,,,,,International exchange and cooperation office: globalstudy@yeditepe.edu.tr,,,,,,
e0199,Altınbaş University,university,Türkiye — Universities,Turkey,,Cold-storage,,No answer,,,Synergies,,,29 January 2025,,,,,International,international@altinbas.edu.tr,,,,,,
e0200,Üsküdar University,university,Türkiye — Universities,Turkey,,Cold-storage,,No answer,,,Synergies,,,29 January 2025,,,,,info,info@uskudar.edu.tr,,,,,,
e0201,Edunita Yurtdışı Eğitim,agency,TR — Agencies,Turkey,Istanbul (Kadıköy — single boutique office),Up & Running,,,TOP,,,edunita.com,(+90) 216 515 59 38,2026-03-30,,,"HIDDEN GEM. Founder Gloria Day — Italian-Turkish bilingual, Italian high school alumna. 100% Italy focused. Polimi/Polito/Bologna testimonials. Architecture & Engineering prep perfectly aligned with H-FARM profile. No complaints whatsoever.",,,,,,,,,
e0202,Firenze Yurtdışı Eğitim,agency,TR — Agencies,Turkey,Istanbul (Kadıköy — Şaşkınbakkal),Up & Running,,,HIGH,,,firenze.com.tr,+90 216 302 24 55,2026-04-17,,,"Türkiye'nin en köklü İtalya odaklı eğitim danışmanlığı (30 yıl+). 30'dan fazla İtalyan üniversitesi partneri — dünya genelinde rekor. MEB onaylı İtalyanca ve İspanyolca dil merkezi bünyesinde; CILS resmi sınav merkezi. Istituto Marangoni, NABA, Domus Academy temsilcisi. 10.000'den fazla öğrenci göndermiş. 27K Instagram takipçisi. Tıp (IMAT), mühendislik ve tasarım sınavlarına hazırlık kursları. Türkiye'de İtalyan üniversite yetkililerini misafir ediyor.",,,,,,,,,
e0203,EduScala Eğitim Danışmanlık,agency,TR — Agencies,Turkey,Istanbul (Kadıköy),Hot,,,HIGH,,,eduscala.com,+90 216 599 1343,2026-04-17,,,"2019'dan beri yalnızca İtalya odaklı. Domus Academy, NABA, Istituto Marangoni ve UniCamillus'un resmi Türkiye temsilcisi. 1.000'den fazla öğrenci referansı. IMAT, TIL-I, Bocconi Test, TOLC hazırlık kursları sunuyor — H-FARM başvuru profiliyle doğrudan örtüşüyor. UED (Uluslararası Eğitim Danışmanları Derneği) üyesi. İtalya'daki ekibi sayesinde yerelde operasyonel destek kapasitesi var.",,,,,,,,,
e0204,Vera Eğitim Danışmanlık,agency,TR — Agencies,Turkey,Istanbul (Kadıköy — Bostancı),Hot,,,HIGH,,,veraedu.com,+90 216 504 20 12,2026-03-31,,,"1992'den beri İtalyanca ile içiçe; 2000'den beri eğitim danışmanlığı. 24 İtalyan okul/üniversitenin resmi Türkiye temsilcisi. Domus Academy'e rekor öğrenci gönderen tek Türk danışmanlık firması (2012 Domus davetiyesi). Blog italyada.net güçlü SEO varlığı. Mimarlık, tasarım, moda ve tıp ağırlıklı portföy — H-FARM innovation & business programlarıyla tamamlayıcı nitelikte.",,,,,,,,,
e0205,Pisa Edu (Pisa Educazione),agency,TR — Agencies,Turkey,Istanbul (Şişli),Cold,,,TOP,,,pisaedu.com,+90 212 544 24 15,2026-04-22,,,Turkey's highest-volume Italy pipeline. Turin office is close to H-FARM Treviso campus — site visit feasible. IMAT prep + summer school integration opportunity. 31K Instagram followers. italyadaegitim.com is an SEO domain belonging to the same firm.,,,,,,,,,
e0206,Aktif Yurtdışı Eğitim (Aktifedu),agency,TR — Agencies,Turkey,Istanbul (Bahçelievler),Cold,,,HIGH,,,aktifedu.com,0212 556 81 88,2026-03-26,,,"Strong Italy content depth: Bocconi, Polimi, Polito, Sapienza, Florence, Pisa, Trento — all with dedicated pages. IMAT prep content. February 2026 Bocconi blog post = active Italy focus. Multi-city reach valuable for H-FARM awareness.",,,,,,,,,
e0207,ITEBS International Education,agency,TR — Agencies,Turkey,Istanbul (Şişli – Trump Towers),Cold,,,HIGH,,,itebs.com.tr,+90 212 236 5393,2026-03-30,,,"YEDAB founding member — strong prestige signal. Active Italy student flow. ICEF + IEFT fair presence → H-FARM co-marketing opportunity. WYSETC, British Council, PABA top 7 globally memberships.",,,,,,,,,
e0208,ICES Turkey,agency,TR — Agencies,Turkey,Istanbul (multiple),Cold,,,HIGH,,,icesturkey.com,444 22 03,2026-03-30,,,AI-powered university matching platform aligns with H-FARM innovation narrative. YEDAB member. Multi-city presence. Opportunity to add H-FARM to AI matching tool.,,,,,,,,,
e0209,NGGlobal International Education,agency,TR — Agencies,Turkey,Istanbul,Cold,,,HIGH,,,ngglobal.com.tr,,2026-03-26,,,"Italy listed first on website. Small team, fast decisions. Pilot partner candidate for H-FARM summer school.",,,,,,,,,
e0210,Academix International Education,agency,TR — Agencies,Turkey,Istanbul (Taksim HQ),Cold,,,MED,,,academix.com.tr,,2026-03-26,,,Turkey's widest branch network — high co-marketing reach. Italy summer school segment exists. Study Travel Magazine Super Star Agency (5×) award.,,,,,,,,,
e0211,ELT International Education,agency,TR — Agencies,Turkey,Istanbul (Beşiktaş),Cold,,,MED,,,elt.com.tr,,2026-03-26,,,Italy student flow since 1999. Summer school collaboration potential is moderate. 25+ years of experience is a positive signal.,,,,,,,,,
e0212,Global Vizyon International Education,agency,TR — Agencies,Turkey,Istanbul (Taksim–Tünel),Cold,,,LOW,,,globalvizyon.com,0535 643 31 81,2026-03-30,,,25+ years and large headcount are positives; however complaint volume does not meet H-FARM partnership criteria.,,,,,,,,,
e0213,Eduvizyon International Education,agency,TR — Agencies,Turkey,Istanbul (Bakırköy),Cold,,,LOW,,,eduvizyon.com,0 212 543 58 06,2026-03-30,,,Franchise model could serve as an inschool channel to new cities. Italy-specific activity is limited.,,,,,,,,,
e0214,Global International Education,agency,TR — Agencies,Turkey,Istanbul,Cold,,,LOW,,,global-yurtdisiegitim.com,—,2026-03-30,,,Founded 1989 — one of Turkey's most established. No Italy specialisation and digital presence appears outdated.,,,,,,,,,
e0215,Pianeta Italia Eğitim ve Danışmanlık,agency,TR — Agencies,Turkey,Istanbul,Cold,,,HIGH,,,pianeta-italia.com,Via website,2026-03-26,,,"Tüm İtalyan devlet üniversiteleri için danışmanlık veren tek kurum olduğunu iddia ediyor. Mimarlık, mühendislik, tıp, tasarım, moda, gastronomi, sinema ağırlıklı içerik. IED Milano moda bölümü dahil birçok özel akademinin Türkiye temsilcisi. İstanbul'da MEB'e bağlı İtalyanca kursu düzenliyor. Facebook (717 beğeni + 111 ziyaret) ve aktif blog içeriği.",,,,,,,,,
e0216,Atlas Yurtdışı Eğitim Danışmanlığı,agency,TR — Agencies,Turkey,Istanbul (Taksim HQ),Cold,,,MED,,,atlasedu.com,0212 249 53 10,2026-03-26,,,"Türkiye'nin en büyük ve en köklü yurtdışı eğitim danışmanlığı (35 yıl+). ISO 9001 sertifikası. TURSAB A grubu üyesi. Study Travel Magazine Star Award'ı Türkiye'ye getiren ilk ve tek firma. ICEF, IALC, ALTO, English UK üyesi. Atlas Group bünyesinde Akare, Edcon, Orbis, Troy, Studylon gibi grup şirketleri. İtalya portföyde mevcut ancak birincil odak değil.",,,,,,,,,
e0217,FutureMe Yurt Dışı Eğitim Danışmanlığı,agency,TR — Agencies,Turkey,Istanbul,Cold,,,LOW,,,futureme.com.tr,Via website,2026-03-26,,,20+ yıllık tecrübeye sahip genel danışmanlık firması. İngiltere birincil odak; İtalya genel Avrupa portföyünde yer alıyor ancak özel içerik ya da uzmanlaşma görülmüyor. İtalya odaklı kapasitesi geliştiğinde Phase 2 adayı.,,,,,,,,,
e0218,Pava Education,agency,TR — Agencies,Turkey,Istanbul (Kadıköy) + İzmir + Milano (İtalya HQ),Cold,,,HIGH,,,pavaedu.com,+90 541 298 95 25,2026-03-26,,,"İtalya merkezli (Milano HQ) ile İstanbul ve İzmir ofisleri. Kurucu Dr. Hakan Bilici, Pavia Üniversitesi Tıp mezunu — İtalya bürokrasisine tam hakimiyet. 2023-2024 akademik yılında %93 kabul oranı iddiası. Tıp, mühendislik, mimarlık ağırlıklı; H-FARM'ın İngiltere/ABD dışı Avrupa iş dünyası profiliyle tamamlayıcı. Yeni nesil büyüyen firma.",,,,,,,,,
e0219,Robert College,school,TR — High Schools,Turkey,Istanbul,,,,HIGH,• Startup Summer (AD)Venture (Age 16–17 / 18–25)  • Out of the Box — Discover Yo,,robcol.k12.tr,+90 212 359 22 22,,,,Top priority. Seek a personal meeting with the College Counseling Office.,,University Counseling Coordinator,admission@robcol.k12.tr,,,,,,
e0220,VKV Koç School,school,TR — High Schools,Turkey,Istanbul (Tuzla),,,,HIGH,• Startup Summer (AD)Venture (Age 16–17 / 18–25)  • Designing Connected Futures,,koc.k12.tr,+90 216 585 60 60,,,,IB cohort is ideal audience. Leverage NACAC membership as a conversation opener.,,International University Counselor,info@koc.k12.tr,,,,,,
e0221,Üsküdar American Academy (UAA),school,TR — High Schools,Turkey,Istanbul (Üsküdar),,,,HIGH,• Out of the Box — Discover Yourself (Age 16–18)  • Startup Summer (AD)Venture (,,uaa.k12.tr,+90 216 333 11 00,,,,"SEV umbrella: one pitch covers UAA, IAC, TAC & SAC.",,College Counselor / Guidance Coordinator,uaainfo@uaa.k12.tr,,,,,,
e0222,Izmir American College (IAC),school,TR — High Schools,Turkey,Izmir (Göztepe),,,,HIGH,• Out of the Box — Discover Yourself (Age 16–18)  • Startup Summer (AD)Venture (,,aci.k12.tr,+90 232 355 05 55,,,,Izmir anchor. Bundle outreach with UAA & TAC under one SEV contact.,,College Counselor,info@aci.k12.tr,,,,,,
e0223,Darüşşafaka High School,school,TR — High Schools,Turkey,Istanbul (Sarıyer),,,,HIGH,• Out of the Box — Discover Yourself (Age 16–18)  • Startup Summer (AD)Venture (,,darussafaka.org,+90 212 285 17 00,,,,Explore partial scholarship options; position as merit-based opportunity.,,,,,,,,,
e0224,Tarsus American College (TAC),school,TR — High Schools,Turkey,Mersin (Tarsus),,,,HIGH,• Startup Summer (AD)Venture (Age 16–17 / 18–25)  • Out of the Box — Discover Yo,,tac.k12.tr,+90 324 615 13 60,,,,Residential profile = high readiness for international summer schools.,,College Counselor,info@tac.k12.tr,,,,,,
e0225,Enka Schools,school,TR — High Schools,Turkey,Istanbul (Sarıyer),,,,MED,• Designing Connected Futures with IoT & AI (Age 16–17 / 18–25)  • Startup Summe,,enka.k12.tr,+90 212 276 03 26,,,,"Emphasise English-language, innovation-driven curriculum.",,University Counselor,info@enka.k12.tr,,,,,,
e0226,MEF International School,school,TR — High Schools,Turkey,Istanbul (Maslak),,,,MED,• Startup Summer (AD)Venture (Age 16–17 / 18–25)  • The World of AI: Impact on M,,mef.k12.tr,+90 212 286 38 00,,,,H-FARM entrepreneurship DNA is a natural fit.,,University Guidance Coordinator,info@mef.k12.tr,,,,,,
e0227,TED Ankara College,school,TR — High Schools,Turkey,Ankara (Çankaya),,,,MED,• Startup Summer (AD)Venture (Age 16–17 / 18–25)  • Out of the Box — Discover Yo,,tedankara.k12.tr,+90 312 442 14 80,,,,TED chain: one deal cascades to Istanbul & Izmir TED colleges.,,Career & University Counselor,info@tedankara.k12.tr,,,,,,
e0228,Bilkent High School,school,TR — High Schools,Turkey,Ankara (Çankaya),,,,MED,• Designing Connected Futures with IoT & AI (Age 16–17 / 18–25)  • Defending Dig,,bilkentlisesi.k12.tr,+90 312 290 10 00,,,,Campus setting: students already exposed to higher-ed environment.,,College Counselor,info@bilkentlisesi.k12.tr,,,,,,
e0229,SEV American College (SAC),school,TR — High Schools,Turkey,Istanbul (Çekmeköy),,,,MED,• Startup Summer (AD)Venture (Age 16–17 / 18–25)  • Out of the Box — Discover Yo,,sevkoleji.k12.tr,+90 216 625 27 22,,,,Bundle SEV outreach: one institutional contact covers all four schools.,,College Counselor / Guidance Coordinator,info@sevkoleji.k12.tr,,,,,,
e0230,Eyüboğlu Schools,school,TR — High Schools,Turkey,Istanbul,,,,MED,• Startup Summer (AD)Venture (Age 16–17 / 18–25)  • The World of AI: Impact on M,,eyuboglu.k12.tr,+90 216 329 30 00,,,,Large alumni & parent network — word-of-mouth potential.,,Career & Guidance Coordinator,info@eyuboglu.k12.tr,,,,,,
e0231,Açı Schools,school,TR — High Schools,Turkey,Istanbul (Levent),,,,MED,• Startup Summer (AD)Venture (Age 16–17 / 18–25)  • Out of the Box — Discover Yo,,acischools.k12.tr,+90 212 270 52 14,,,,Progressive culture receptive to non-traditional programmes.,,Guidance Coordinator / School Counselor,info@acischools.k12.tr,,,,,,
e0232,Sabancı University Private HS,school,TR — High Schools,Turkey,Istanbul (Tuzla),,,,MED,• Startup Summer (AD)Venture (Age 16–17 / 18–25)  • Out of the Box — Discover Yo,,sabancilisesi.k12.tr,+90 216 483 90 00,,,,University brand removes scepticism. Pitch as peer institution partnership.,,,,,,,,,
e0233,Bilfen College Istanbul,school,TR — High Schools,Turkey,Istanbul (Kadıköy),,,,MED,• Startup Summer (AD)Venture (Age 16–17 / 18–25)  • Designing Connected Futures,,bilfen.com.tr,+90 216 349 15 00,,,,Frame as CV-builder and university application differentiator.,,,,,,,,,
e0234,Işık Schools Istanbul,school,TR — High Schools,Turkey,Istanbul (Şişli),,,,MED,• Out of the Box — Discover Yourself (Age 16–18)  • Startup Summer (AD)Venture (,,isikokullari.k12.tr,+90 212 330 22 00,,,,University link: parents already value post-secondary planning.,,,,,,,,,
e0235,TED Istanbul College (Bakırköy),school,TR — High Schools,Turkey,Istanbul (Bakırköy),,,,MED,• Out of the Box — Discover Yourself (Age 16–18)  • Startup Summer (AD)Venture (,,tedistanbul.k12.tr,+90 212 660 53 00,,,,Coordinate with TED Ankara & TED Izmir outreach.,,,,,,,,,
e0236,TED Üsküdar College,school,TR — High Schools,Turkey,Istanbul (Üsküdar),,,,MED,• Out of the Box — Discover Yourself (Age 16–18)  • Startup Summer (AD)Venture (,,teduskudar.k12.tr,+90 216 424 44 44,,,,Upper-income area supports programme affordability.,,School Counselor / Guidance Coordinator,info@teduskudar.k12.tr,,,,,,
e0237,İELEV Schools,school,TR — High Schools,Turkey,Istanbul (Çekmeköy),,,,MED,• Startup Summer (AD)Venture (Age 16–17 / 18–25)  • The World of AI: Impact on M,,ielev.k12.tr,+90 216 527 47 74,,,,KAYAB unit is a ready-made institutional entry point.,,KAYAB Coordinator / Guidance Specialist,info@ielev.k12.tr,,,,,,
e0238,TED Izmir College,school,TR — High Schools,Turkey,Izmir (Bornova),,,,MED,• Startup Summer (AD)Venture (Age 16–17 / 18–25)  • Out of the Box — Discover Yo,,tedizmir.k12.tr,+90 232 462 50 09,,,,Izmir TED + IAC cover the premium Izmir market.,,Career Counselor / Guidance Coordinator,info@tedizmir.k12.tr,,,,,,
e0239,Işıkkent Education Campus,school,TR — High Schools,Turkey,Izmir (Gaziemir),,,,LOW,• Out of the Box — Discover Yourself (Age 16–18)  • Startup Summer (AD)Venture (,,isikkent.k12.tr,+90 232 251 10 51,,,,Important Izmir reference school.,,Guidance Coordinator,info@isikkent.k12.tr,,,,,,
e0240,Marmara College (Maltepe),school,TR — High Schools,Turkey,Istanbul (Maltepe),,,,LOW,• Out of the Box — Discover Yourself (Age 16–18)  • Startup Summer (AD)Venture (,,marmara.k12.tr,+90 216 352 70 60,,,,Growing affluent demographic in Maltepe.,,,,,,,,,
e0241,Doğa College (Ataşehir),school,TR — High Schools,Turkey,Istanbul (Ataşehir),,,,LOW,• Startup Summer (AD)Venture (Age 16–17 / 18–25)  • Out of the Box — Discover Yo,,dogakoleji.k12.tr,+90 216 456 45 00,,,,Target HQ for framework agreement rather than individual campuses.,,School Counselor / Guidance Coordinator,info@dogakoleji.k12.tr,,,,,,
e0242,Nişantaşı Schools (Maslak),school,TR — High Schools,Turkey,Istanbul (Maslak),,,,LOW,• AI Fashion Lab: From Creative Exploration to Industry Projects (Age 18–25)  •,,nisantasischools.k12.tr,+90 212 325 59 00,,,,Creative industries angle is a strong hook.,,,,,,,,,
e0243,Okyanus College (Kadıköy),school,TR — High Schools,Turkey,Istanbul (Kadıköy),,,,LOW,• Emerals IRL: The Game (Age 18–25)  • Startup Summer (AD)Venture (Age 16–17 / 1,,okyanuskoleji.k12.tr,+90 216 345 70 00,,,,Erasmus+ track: teachers understand European programme logistics.,,,,,,,,,
e0244,IEU Schools (Izmir),school,TR — High Schools,Turkey,Izmir (Çiğli),,,,MED,• Startup Summer (AD)Venture (Age 16–17 / 18–25)  • The World of AI: Impact on M,,ieuokullari.k12.tr,+90 232 488 83 83,,,,University entrepreneurship focus = natural institutional alignment.,,,,,,,,,
e0245,Bilfen College Ankara,school,TR — High Schools,Turkey,Ankara,,,,MED,• Designing Connected Futures with IoT & AI (Age 16–17 / 18–25)  • Defending Dig,,bilfen.com.tr/ankara,+90 312 440 89 90,,,,STEM profile: receptive to H-FARM's tech & innovation content.,,,,,,,,,
e0246,Bahçeşehir College (HQ),school,TR — High Schools,Turkey,Istanbul (Şişli),,,,LOW,• Startup Summer (AD)Venture (Age 16–17 / 18–25)  • Out of the Box — Discover Yo,,bahcesehir.k12.tr,+90 212 232 90 23,,,,Pilot 1 premium campus; use results for national framework.,,Guidance Coordinator,info@bahcesehir.k12.tr,,,,,,
e0247,Bursa Özel Işıklar College,school,TR — High Schools,Turkey,Bursa,,,,LOW,• Out of the Box — Discover Yourself (Age 16–18)  • Startup Summer (AD)Venture (,,isilaklar.k12.tr,+90 224 275 14 00,,,,"Build Istanbul references first, then approach.",,School Counselor / Guidance Coordinator,info@isilaklar.k12.tr,,,,,,
e0248,Samsun Özel İstiklal HS,school,TR — High Schools,Turkey,Samsun,,,,LOW,• Out of the Box — Discover Yourself (Age 16–18),,istiklalegitim.k12.tr,+90 362 431 60 00,,,,Year 2 target after major-city success stories established.,,,,,,,,,
e0249,Liceo Italiano IMI,school,TR — High Schools,Turkey,Istanbul (Beyoğlu),,,,HIGH,• Startup Summer (AD)Venture (Age 16–17 / 18–25)  • Out of the Box — Discover Yo,,liceoitaliano.net,+90 212 244 13 01,,,,★ TOP PRIORITY. Approach jointly with the Italian Consulate General Istanbul. Frame as Italian-to-It,,Orientamento Coordinator / Guidance Teacher,imi@liceoitaliano.net,,,,,,
e0250,Saint-Benoît French HS,school,TR — High Schools,Turkey,Istanbul (Karaköy),,,,HIGH,• Out of the Box — Discover Yourself (Age 16–18)  • Startup Summer (AD)Venture (,,sb.k12.tr,+90 212 244 10 26,,,,Reference H-FARM's proximity to French-speaking Switzerland & Northern Italy.,,,,,,,,,
e0251,Lycée Saint-Joseph Istanbul,school,TR — High Schools,Turkey,Istanbul (Kadıköy),,,,HIGH,• Startup Summer (AD)Venture (Age 16–17 / 18–25)  • Out of the Box — Discover Yo,,sj.k12.tr,+90 216 330 39 00,,,,De La Salle network is a potential institutional lever across 3 Istanbul schools.,,,,,,,,,
e0252,Lycée Saint-Michel Istanbul,school,TR — High Schools,Turkey,Istanbul (Şişli),,,,MED,• AI Fashion Lab: From Creative Exploration to Industry Projects (Age 18–25)  •,,saintmichel.k12.tr,+90 212 240 42 40,,,,"Bundle with Saint-Joseph Istanbul — same congregation, single outreach contact.",,,,,,,,,
e0253,Galatasaray High School,school,TR — High Schools,Turkey,Istanbul (Beyoğlu),,,,MED,• Out of the Box — Discover Yourself (Age 16–18)  • Startup Summer (AD)Venture (,,galatasaray.meb.k12.tr,+90 212 249 11 00,,,,State school — formal approval pathway required. H-FARM's Italian-European identity aligns with Fra,,Student Counselor Coordinator / Guidance Teacher,bilgi@galatasaray.meb.k12.tr,,,,,,
e0254,Lycée Saint-Joseph Izmir,school,TR — High Schools,Turkey,Izmir (Alsancak),,,,MED,• Startup Summer (AD)Venture (Age 16–17 / 18–25)  • Out of the Box — Discover Yo,,saintjoseph.k12.tr,+90 232 463 84 40,,,,Bundle Izmir outreach: IAC + TED Izmir + Saint-Joseph Izmir = full premium Izmir coverage.,,,,,,,,,
e0255,Deutsche Schule Istanbul,school,TR — High Schools,Turkey,Istanbul (Beyoğlu),,,,HIGH,• Designing Connected Futures with IoT & AI (Age 16–17 / 18–25)  • Defending Dig,,ds-istanbul.net,+90 212 245 13 90,,,,Approach via German Consulate General Istanbul as co-introducer alongside direct school contact.,,,,,,,,,
e0256,University of Bologna,university,Italy,Italy,Bologna,,Prestige Hub,,,All disciplines · 89 English-taught programmes · 8000+ international students · Europe's oldest university,,unibo.it,,,,,Italy's flagship public uni — strongest brand. EU University Alliance member (Una Europa). Good for double-degree pursuits.,,,,,,,,,
e0257,Sapienza University of Rome,university,Italy,Italy,Rome,,Prestige Hub,,,"All disciplines · largest uni in Europe · 7 English BAs/MAs in business, engineering, design, communications",,uniroma1.it,,,,,Biggest student body in Europe. Top-ranked Italian uni. Slow institutional movement but enormous downstream pipeline.,,,,,,,,,
e0258,Politecnico di Milano,university,Italy,Italy,Milan,,Digital Pioneer,,,Engineering · Design · Architecture · Computer Science · AI · Robotics · Industrial Design — TOP Italian tech university,,polimi.it,,,,,Italy's #1 tech uni. Joint MSc with Bocconi available. Natural fit for IoT & Cybersecurity programmes + AI Fashion Lab. Highest priority Italian peer for tech.,,,,,,,,,
e0259,University of Padua (Padova),university,Italy,Italy,Padua,,Prestige Hub,,,Research-intensive · Life sciences · Engineering · Social sciences · Economics,,unipd.it,,,,,30 min from H-FARM Roncade campus. GEOGRAPHIC ADJACENCY = biggest asset. Joint summer programmes feasible. Veneto regional peer.,,,,,,,,,
e0260,Politecnico di Torino,university,Italy,Italy,Turin,,Digital Pioneer,,,Engineering · Architecture · Industrial design · ICT · Automotive,,polito.it,,,,,Northern Italy's other top polytechnic. Strong automotive (FCA/Stellantis ecosystem). AI Lab + Startup Bootcamp pitch.,,,,,,,,,
e0261,Ca' Foscari University of Venice,university,Italy,Italy,Venice,,Applied Leader,,,Economics · Management · Asian/Oriental studies · Languages · Art history,,unive.it,,,,,Closest major uni to H-FARM (≈30 min). Multilingual student body. Great host for joint Veneto programmes.,,,,,,,,,
e0262,University of Rome Tor Vergata,university,Italy,Italy,Rome,,Applied Leader,,,Economics · Engineering · Medicine · Humanities · 12+ international degree courses in English,,uniroma2.it,,,,,Strong international focus. Second-tier Rome public option behind Sapienza but more English-friendly.,,,,,,,,,
e0263,University of Florence,university,Italy,Italy,Florence,,Prestige Hub,,,Architecture · Arts · Economics · Engineering · Humanities,,unifi.it,,,,,Florence brand carries weight. Strong design/architecture overlap with AI Fashion Lab.,,,,,,,,,
e0264,University of Trento,university,Italy,Italy,Trento,,Applied Leader,,,Computer Science · Engineering · Economics · Cognitive science — small research-intensive,,unitn.it,,,,,"Punches above its weight in CS rankings. Selective student body, good fit for technical summer programmes.",,,,,,,,,
e0265,University of Milan (La Statale),university,Italy,Italy,Milan,,Prestige Hub,,,Medicine · Sciences · Humanities · Law · Pharmacy,,unimi.it,,,,,Milan's big public. Less focused on tech/innovation than Polimi but huge bachelor pipeline.,,,,,,,,,
e0266,Scuola Superiore Sant'Anna,university,Italy,Italy,Pisa,,Digital Pioneer,,,Robotics · Bioengineering · Economics · Political science · Agriculture · selective research school,,santannapisa.it,,,,,"Elite admission, only 50-60 students/yr. Top robotics in Italy. Boutique partner for advanced workshops.",,,,,,,,,
e0267,Scuola Normale Superiore,university,Italy,Italy,Pisa,,Prestige Hub,,,Humanities · Sciences · Selective elite research school — undergraduates 8/year per discipline,,sns.it,,,,,Italy's most selective. Tiny but prestigious. Not a volume play; relationship-only for prestige brand association.,,,,,,,,,
e0268,University of Pavia,university,Italy,Italy,Pavia,,Applied Leader,,,Medicine · Engineering · Sciences · Economics · Pharmacy — historical (founded 825),,unipv.it,,,,,Long history. Smaller campus. Decent English-taught options in engineering & medicine.,,,,,,,,,
e0269,Università degli Studi di Verona,university,Italy,Italy,Verona,,Applied Leader,,,Business · Economics · Languages · Computer Science,,univr.it,,,,,Veneto region peer. Strong business+languages combination.,,,,,,,,,
e0270,University of Pisa,university,Italy,Italy,Pisa,,Prestige Hub,,,Engineering · Computer Science · Physics · Mathematics · Medicine,,unipi.it,,,,,Birthplace of Italian CS (Cinetica & Fibonacci). Tech-strong public. Pair with Sant'Anna for Pisa-cluster pitch.,,,,,,,,,
e0271,Bocconi University,university,Italy,Italy,Milan,,Prestige Hub,,,Business · Economics · Finance · Management · Law · Data Science — Italy's #1 business school,,unibocconi.it,,,,,Top Italian private. Selective. Direct competitor for premium MBA students but ideal joint-programme partner for Startup AD-Venture + Brand Building.,,,,,,,,,
e0272,LUISS Guido Carli,university,Italy,Italy,Rome,,Prestige Hub,,,Business · Economics · Political science · Law · Communications,,luiss.it,,,,,Rome's premier private. Strong policy/political science track. Connection-rich alumni network.,,,,,,,,,
e0273,Università Cattolica del Sacro Cuore,university,Italy,Italy,Milan / Rome / multi,,Prestige Hub,,,Business · Economics · Medicine · Communications · Humanities — Italy's largest private uni,,unicatt.it,,,,,Catholic university with 40k+ students across 5 campuses. Family-values brand alignment for Italian + Latin American markets.,,,,,,,,,
e0274,Free University of Bozen-Bolzano,university,Italy,Italy,Bolzano,,Applied Leader,,,Trilingual EN/DE/IT · Economics · Computer Science · Design · Tourism,,unibz.it,,,,,Alpine multilingual campus. Tiny but very international (Austrian/German/Italian crossroads). Niche partner.,,,,,,,,,
e0275,Università LUMSA,university,Italy,Italy,Rome,,Applied Leader,,,Communications · Law · Economics · Education,,lumsa.it,,,,,Catholic-tradition private uni. Strong PR/communications programmes — good for Brand Building summer programme.,,,,,,,,,
e0276,John Cabot University,university,Italy,Italy,Rome,,Applied Leader,,,American liberal arts · Business · Communications · Economics · International affairs · fully English-taught,,johncabot.edu,,,,,Top American uni in Italy. ALREADY runs American semester-abroad programmes — direct format competitor BUT possible reciprocal partner for US-side student exchanges.,,,,,,,,,
e0277,The American University of Rome (AUR),university,Italy,Italy,Rome,,Applied Leader,,,American liberal arts · International business · Communications · Archaeology · fully English-taught,,aur.edu,,,,,Second American uni in Rome. Smaller than John Cabot. Same dynamic — competition + potential exchange partner.,,,,,,,,,
e0278,Polimoda,university,Italy,Italy,Florence,,Digital Pioneer,,,Fashion design · Fashion business · Fashion marketing · Top-10 fashion school worldwide · FIT NYC partner,,polimoda.com,,,,,BEST fit for AI Fashion Lab summer programme. Florence brand carries luxury weight. FIT NYC connection is a bridge — H-FARM is ALREADY tied to FIT NYC via exchange programme.,,,,,,,,,
e0279,NABA - Nuova Accademia di Belle Arti,university,Italy,Italy,Milan / Rome,,Digital Pioneer,,,Design · Fashion · Creative industries management · Visual arts · Set design · Media,,naba.it,,,,,Milan's premier design school. Top 100 worldwide. Multi-disciplinary creative. Natural fit for AI Fashion Lab + Brand Building.,,,,,,,,,
e0280,Domus Academy,university,Italy,Italy,Milan,,Digital Pioneer,,,Postgraduate design · Fashion design · Interaction · Service design · top-100 art/design,,domusacademy.com,,,,,Italy's first postgrad design school (1982). Postgraduate-only. Strong industry projects approach — direct parallel to H-FARM's project-based pedagogy.,,,,,,,,,
e0281,IED - Istituto Europeo di Design,university,Italy,Italy,Milan / Rome / Florence / Turin,,Digital Pioneer,,,Design · Fashion · Visual arts · Communications · 4 Italian campuses + Madrid + Barcelona + São Paulo,,ied.edu,,,,,Multi-campus creative school. ~2000 foreign students annually. Largest Italian creative network.,,,,,,,,,
e0282,Istituto Marangoni,university,Italy,Italy,Milan / Florence,,Digital Pioneer,,,Fashion design · Fashion business · Luxury management · Multi-campus (Milan/Florence/London/Paris/Miami/Shanghai/Mumbai),,istitutomarangoni.com,,,,,Founded 1935. Global creative network. Heavy luxury industry ties — perfect for the AI Fashion Lab summer programme.,,,,,,,,,
e0283,Politecnico di Bari,university,Italy,Italy,Bari,,Applied Leader,,,Engineering · Architecture — main southern polytechnic,,poliba.it,,,,,"Italy's south leg of the polytechnic network. Smaller than Milano/Torino, growing tech focus.",,,,,,,,,
e0284,University of Naples Federico II,university,Italy,Italy,Naples,,Prestige Hub,,,All disciplines · world's oldest public uni (1224) · large undergraduate pipeline,,unina.it,,,,,Massive public in the south. Volume pipeline. Less English-internationalised than northern peers but huge feeder for postgrad mobility.,,,,,,,,,
e0285,University of Genoa,university,Italy,Italy,Genoa,,Applied Leader,,,Engineering · Maritime studies · Economics · Medicine,,unige.it,,,,,Northwest port city public. Maritime/naval focus is niche but unique.,,,,,,,,,
